Date,Australia_USD_per_tonne,SouthAfrica_USD_per_tonne
2012-01-01,116.46,106.26
2012-02-01,117.02,105.3
2012-03-01,107.46,103.43
2012-04-01,103.59,101.33
2012-05-01,95.83,93.77
2012-06-01,87.19,85.31
2012-07-01,88.24,87.33
2012-08-01,91.0,89.11
2012-09-01,88.96,85.82
2012-10-01,81.85,82.8
2012-11-01,85.89,85.74
2012-12-01,92.88,88.84
2013-01-01,92.77,86.13
2013-02-01,94.94,85.13
2013-03-01,90.98,82.77
2013-04-01,87.76,82.02
2013-05-01,87.71,81.79
2013-06-01,82.75431946201,77.28942633542
2013-07-01,77.25921082883,72.64328692981
2013-08-01,76.96,72.912
2013-09-01,77.6125,73.0975
2013-10-01,79.4125,80.6475
2013-11-01,82.25,83.818
2013-12-01,84.3375,84.615
2014-01-01,81.61,82.9
2014-02-01,76.29,77.6
2014-03-01,73.34,74.6
2014-04-01,72.82,75.06
2014-05-01,73.69,75.78
2014-06-01,71.48,74.09
2014-07-01,68.75,71.44
2014-08-01,68.94,71.19
2014-09-01,65.94,67.86
2014-10-01,63.71,65.74
2014-11-01,62.55,65.66
2014-12-01,62.44,66.14
2015-01-01,61.44,59.29
2015-02-01,69.05,63.48
2015-03-01,64.76,59.92
2015-04-01,56.24,58.95
2015-05-01,61.19,61.63
2015-06-01,58.96,60.71
2015-07-01,59.9,57.9
2015-08-01,59.14,55.02
2015-09-01,57.65,51.38
2015-10-01,54.26,50.11
2015-11-01,52.47,53.34
2015-12-01,52.21,48.77
2016-01-01,49.02,49.09
2016-02-01,50.27,50.33
2016-03-01,52.21,52.57
2016-04-01,50.69,52.35
2016-05-01,51.31,54.24
2016-06-01,52.85,58.59
2016-07-01,61.24,62.39
2016-08-01,67.39,66.34
2016-09-01,72.72,68.33
2016-10-01,94.2,83.79
2016-11-01,103.43,89.15
2016-12-01,88.15,80.19
2017-01-01,83.73,86.49
2017-02-01,79.98,83.6
2017-03-01,80.9,79.11
2017-04-01,83.65,78.89
2017-05-01,74.42,74.41
2017-06-01,81.09,79.2
2017-07-01,87.49,81.69
2017-08-01,98.58,87.84
2017-09-01,97.82,92.26
2017-10-01,97.11,91.43
2017-11-01,96.64,91.39
2017-12-01,100.81,95.48
2018-01-01,106.45,97.48
2018-02-01,105.95,92.68
2018-03-01,96.66,89.5
2018-04-01,93.69,92.32
2018-05-01,105.29,101.89
2018-06-01,114.33,103.88
2018-07-01,119.57,106.02
2018-08-01,117.34,98.48
2018-09-01,114.16,102.14
2018-10-01,108.73,100.34
2018-11-01,100.73,91.58
2018-12-01,101.37,95.41
2019-01-01,98.56,91.29
2019-02-01,95.42,84.16
2019-03-01,93.12,78.81
2019-04-01,86.77,72.49
2019-05-01,82.32,68.93
2019-06-01,72.49,62.94
2019-07-01,72.08,65.79
